Date,Circle,Jio Center,151405-5G_ERCS_Intra NR Overall HOSR
20230917,MAHARASHTRA,MH-WANI-JC01-0621,98.37
20230917,GUJARAT,GJ-HGAR-JC01-0286,97.64
20230917,UTTAR PRADESH (EAST),UE-LCKN-JC02-0910,98.61
20230917,UTTAR PRADESH (WEST),UW-BRUT-JC01-0972,98.62
20230917,MADHYA PRADESH,MP-KRGN-JC01-0515,98.68
20230917,MAHARASHTRA,MH-NSHK-JC02-0558,98.1
20230917,GUJARAT,GJ-NDID-JC01-0250,98.47
20230917,RAJASTHAN,RJ-DLPR-JC01-0737,98.82
20230917,BIHAR,BR-KTHR-JC01-0200,98.46
20230917,MUMBAI,MU-MUMB-JC18-0018,98.97
20230917,RAJASTHAN,RJ-NMBR-JC01-0754,98.8
20230917,GUJARAT,GJ-MODS-JC01-0276,98.61
20230917,PUNJAB,PB-JLDR-JC01-0673,97.87
20230917,UTTAR PRADESH (EAST),UE-FPRP-JC01-0930,98.83
20230917,GUJARAT,GJ-PTLD-JC01-0251,99.03
20230917,KOLKATA,KO-KLKT-JC06-0075,98.55
20230917,GUJARAT,GJ-MHSN-JC01-0291,98.72
20230917,UTTAR PRADESH (EAST),UE-MGLI-JC01-0950,97.63
20230917,UTTAR PRADESH (WEST),UW-KRPR-JC01-0995,99.31
20230917,GUJARAT,GJ-MORV-JC01-0248,98.22
20230917,PUNJAB,PB-NWSH-JC01-0705,98.33
20230917,UTTAR PRADESH (WEST),UW-BHRI-JC01-0971,98.96
20230917,UTTAR PRADESH (WEST),UW-AGRA-JC01-0964,98.54
20230917,PUNJAB,PB-SUNM-JC01-0715,98.69
20230917,UTTAR PRADESH (EAST),UE-BSTI-JC01-0923,98.82
20230917,BIHAR,BR-SIWN-JC01-0195,97.62
20230917,MAHARASHTRA,MH-MLGN-JC01-0598,98.15
20230917,BIHAR,BR-DHRI-JC01-0177,98.58
20230917,GUJARAT,GJ-AMBD-JC03-0230,97.99
20230917,PUNJAB,PB-AMRR-JC01-0671,98.56
20230917,WEST BENGAL,WB-BAUR-JC01-1032,98.93
20230917,PUNJAB,PB-MLUT-JC01-0698,98.87
20230917,MAHARASHTRA,MH-PUNE-JC09-0550,96.12
20230917,WEST BENGAL,WB-KLAG-JC01-1049,98.77
20230917,JHARKHAND,JH-DNBD-JC01-0365,98.52
20230917,PUNJAB,PB-CDGR-JC01-0668,98.52
20230917,MADHYA PRADESH,MP-TKMG-JC01-0539,98.95
20230917,KOLKATA,KO-KLKT-JC09-0078,98.56
20230917,WEST BENGAL,WB-BRDN-JC01-1036,98.64
20230917,MADHYA PRADESH,MP-GUNA-JC01-0508,98.85
20230917,UTTAR PRADESH (WEST),UW-ALGR-JC01-0968,98.55
20230917,MUMBAI,MU-THNE-JC28-0028,98.02
20230917,MUMBAI,MU-MUMB-JC11-0011,98.63
20230917,GUJARAT,GJ-PLPR-JC01-0243,98.72
20230917,KOLKATA,KO-KLKT-JC10-0079,98.81
20230917,MADHYA PRADESH,MP-JBLP-JC02-0492,98.76
20230917,MADHYA PRADESH,MP-BPUR-JC01-0499,98.76
20230917,RAJASTHAN,RJ-SMDP-JC01-0761,98.85
20230917,GUJARAT,GJ-PLTN-JC01-0284,98.59
20230917,MAHARASHTRA,MH-WSHM-JC01-0623,97.6
20230917,JAMMU,JK-KATR-JC01-0348,97.87
20230917,PUNJAB,PB-SMNA-JC01-0712,98.88
20230917,RAJASTHAN,RJ-DNGP-JC01-0749,99.11
20230917,RAJASTHAN,RJ-BRNN-JC01-0725,98.98
20230917,MADHYA PRADESH,MP-DMOH-JC01-0504,98.7
20230917,MADHYA PRADESH,MP-SONI-JC01-0533,99.04
20230917,WEST BENGAL,WB-RGNJ-JC01-1067,98.7
20230917,MAHARASHTRA,MH-BIDD-JC01-0572,98.11
20230917,RAJASTHAN,RJ-SRHI-JC01-0759,98.12
20230917,MAHARASHTRA,MH-PDPR-JC01-0605,97.49
20230917,PUNJAB,PB-DHUR-JC01-0683,98.64
20230917,UTTARAKHAND,UA-RRKE-JC01-1027,98.89
20230917,MADHYA PRADESH,MP-SGRL-JC01-0538,96.08
20230917,RAJASTHAN,RJ-JDPR-JC01-0745,98.63
20230917,BIHAR,BR-ARRI-JC01-0179,98.86
20230917,MADHYA PRADESH,MP-DEWS-JC01-0506,97.66
20230917,MADHYA PRADESH,MP-DHAR-JC01-0507,98.37
20230917,MADHYA PRADESH,MP-CAND-JC01-0493,98.8
20230917,MUMBAI,MU-MUMB-JC16-0016,98.8
20230917,BIHAR,BR-GAYA-JC01-0174,98.39
20230917,KOLKATA,KO-KLKT-JC05-0074,99.13
20230917,GUJARAT,GJ-BVGR-JC01-0267,98.29
20230917,GUJARAT,GJ-GNDL-JC01-0280,98.38
20230917,PUNJAB,PB-GDPR-JC01-0690,98.51
20230917,UTTAR PRADESH (EAST),UE-JHNS-JC01-0939,98.53
20230917,UTTAR PRADESH (EAST),UE-LCKN-JC01-0909,98.61
20230917,RAJASTHAN,RJ-JLOR-JC01-0756,99.06
20230917,GUJARAT,GJ-PBDR-JC01-0278,98.46
20230917,UTTAR PRADESH (WEST),UW-SRPR-JC01-1009,98.7
20230917,RAJASTHAN,RJ-KOTA-JC01-0748,98.36
20230917,WEST BENGAL,WB-SNPR-JC01-1070,99.16
20230917,MAHARASHTRA,MH-BSMT-JC01-0571,96.04
20230917,GUJARAT,GJ-DEES-JC01-0257,98.36
20230917,RAJASTHAN,RJ-GGGR-JC01-0739,98.96
20230917,MADHYA PRADESH,MP-SDLL-JC01-0534,99.06
20230917,BIHAR,BR-AGBB-JC01-0185,98.19
20230917,BIHAR,BR-MZPR-JC01-0175,98.4
20230917,MAHARASHTRA,MH-AMLR-JC01-0564,98.89
20230917,RAJASTHAN,RJ-JPUR-JC04-0720,98.43
20230917,JHARKHAND,JH-GRDH-JC01-0367,98.29
20230917,BIHAR,BR-HJPR-JC01-0178,97.67
20230917,RAJASTHAN,RJ-GGPC-JC01-0740,98.9
20230917,UTTAR PRADESH (EAST),UE-RNKT-JC01-0955,99.39
20230917,WEST BENGAL,WB-CNNG-JC01-1033,99.13
20230917,GUJARAT,GJ-AKLV-JC01-0261,98.2
20230917,UTTAR PRADESH (WEST),UW-DDRI-JC01-0310,98.39
20230917,GUJARAT,GJ-MNDR-JC01-0287,98.81
20230917,RAJASTHAN,RJ-TJRA-JC01-0726,98.72
20230917,MAHARASHTRA,MH-PUNE-JC07-0548,98.54
20230917,BIHAR,BR-BGHA-JC01-0186,99.03
20230917,GUJARAT,GJ-GDDM-JC01-0256,98.68
20230917,MAHARASHTRA,MH-CLSG-JC01-0578,98.89
20230917,MUMBAI,MU-NVMB-JC24-0024,98.61
20230917,MAHARASHTRA,MH-YVML-JC01-0609,98.88
20230917,MUMBAI,MU-MUMB-JC09-0009,98.77
20230917,GUJARAT,GJ-VSGR-JC01-0272,98.3
20230917,MADHYA PRADESH,MP-REWA-JC01-0528,98.8
20230917,GUJARAT,GJ-VMGM-JC01-0242,98.75
20230917,UTTARAKHAND,UA-RMNA-JC01-1025,98.97
20230917,PUNJAB,PB-KKPR-JC01-0696,98.26
20230917,PUNJAB,PB-PHGR-JC01-0708,97.56
20230917,MADHYA PRADESH,MP-GWLR-JC01-0509,98.79
20230917,GUJARAT,GJ-AMBD-JC06-0233,98.28
20230917,MUMBAI,MU-MUMB-JC21-0021,98.1
20230917,WEST BENGAL,WB-RNGT-JC01-1069,98.72
20230917,UTTAR PRADESH (WEST),UW-CNDS-JC01-0978,99.07
20230917,BIHAR,BR-SHRS-JC01-0198,98.53
20230917,HIMACHAL PRADESH,HP-BDDI-JC01-0343,98.62
20230917,UTTAR PRADESH (EAST),UE-VRNS-JC01-0963,97.92
20230917,WEST BENGAL,WB-NBDP-JC01-1065,99.04
20230917,GUJARAT,GJ-SURT-JC04-0237,97.46
20230917,UTTAR PRADESH (WEST),UW-SRSW-JC01-0986,98.92
20230917,WEST BENGAL,WB-BOUR-JC01-1040,98.61
20230917,BIHAR,BR-BTTH-JC01-0189,98.62
20230917,MADHYA PRADESH,MP-BNTW-JC01-0498,98.65
20230917,MADHYA PRADESH,MP-DTIA-JC01-0505,98.58
20230917,BIHAR,BR-LKSR-JC01-0190,98.26
20230917,GUJARAT,GJ-VDDR-JC03-0240,98.63
20230917,MADHYA PRADESH,MP-DBRA-JC01-0503,97.96
20230917,UTTAR PRADESH (EAST),UE-BNDA-JC01-0921,98.9
20230917,MADHYA PRADESH,MP-UJJN-JC01-0540,98.56
20230917,KOLKATA,KO-KLKT-JC03-0072,98.87
20230917,MAHARASHTRA,MH-PUNE-JC08-0549,98.26
20230917,PUNJAB,PB-FRDK-JC01-0684,98.82
20230917,WEST BENGAL,WB-GGMP-JC01-1047,98.95
20230917,KASHMIR,JK-BDGM-JC01-0352,97.54
20230917,GUJARAT,GJ-DHLK-JC01-0273,98.07
20230917,JAMMU,JK-RARI-JC01-0346,98.15
20230917,UTTAR PRADESH (EAST),UE-STPR-JC01-0958,99.06
20230917,MUMBAI,MU-BHND-JC32-0033,97.87
20230917,UTTAR PRADESH (WEST),UW-VRDV-JC01-1018,98.12
20230917,RAJASTHAN,RJ-TONK-JC01-0765,98.95
20230917,BIHAR,BR-SSRM-JC01-0187,97.89
20230917,GUJARAT,GJ-SLVS-JC01-0263,99.15
20230917,MAHARASHTRA,MH-BRMT-JC01-0569,97.3
20230917,UTTAR PRADESH (WEST),UW-SMBL-JC01-1011,98.6
20230917,WEST BENGAL,WB-JYNR-JC01-1043,98.84
20230917,UTTAR PRADESH (EAST),UE-LLPR-JC01-0944,98.68
20230917,UTTAR PRADESH (EAST),UE-CBRM-JC01-0926,98.25
20230917,PUNJAB,PB-PRHL-JC01-0710,98.47
20230917,MUMBAI,MU-MUMB-JC02-0002,98.49
20230917,HIMACHAL PRADESH,HP-BLAS-JC01-0342,98.24
20230917,MAHARASHTRA,MH-KPRG-JC01-0595,95.67
20230917,BIHAR,BR-ARRH-JC01-0183,98.69
20230917,GUJARAT,GJ-DGDA-JC01-0253,98.97
20230917,MADHYA PRADESH,MP-SGMP-JC01-0529,98.82
20230917,GUJARAT,GJ-BOTD-JC01-0288,98.57
20230917,GUJARAT,GJ-WDHN-JC01-0292,98.75
20230917,PUNJAB,PB-PNKT-JC01-0706,98.45
20230917,MAHARASHTRA,MH-MNMD-JC01-0600,97.34
20230917,JHARKHAND,JH-DUMK-JC01-0361,98.2
20230917,UTTAR PRADESH (WEST),UW-SKBD-JC01-1014,97.84
20230917,MAHARASHTRA,MH-CWAD-JC03-0544,97.86
20230917,RAJASTHAN,RJ-BEWR-JC01-0728,98.92
20230917,GUJARAT,GJ-ANJR-JC01-0255,97.79
20230917,MAHARASHTRA,MH-LNVL-JC01-0597,96.25
20230917,RAJASTHAN,RJ-JPUR-JC02-0718,98.5
20230917,KOLKATA,KO-KLKT-JC02-0071,98.8
20230917,PUNJAB,PB-AMRR-JC02-0672,98.37
20230917,RAJASTHAN,RJ-SDAR-JC01-0760,98.96
20230917,MADHYA PRADESH,MP-BAOR-JC01-0536,98.9
20230917,MAHARASHTRA,MH-BLLP-JC01-0568,98.35
20230917,MAHARASHTRA,MH-WRDH-JC01-0622,98.46
20230917,PUNJAB,PB-PTIL-JC01-0707,98.73
20230917,MAHARASHTRA,MH-JLNA-JC01-0588,98.39
20230917,KOLKATA,KO-KLKT-JC14-0083,99.1
20230917,RAJASTHAN,RJ-SRGR-JC01-0764,99.1
20230917,UTTAR PRADESH (EAST),UE-MBJN-JC01-0946,98.94
20230917,UTTAR PRADESH (WEST),UW-MDBD-JC01-1001,98.65
20230917,MUMBAI,MU-KLDM-JC30-0030,98.48
20230917,MUMBAI,MU-MUMB-JC08-0008,98.47
20230917,WEST BENGAL,WB-HBRA-JC01-1051,99.2
20230917,MADHYA PRADESH,MP-ITRS-JC01-0512,98.58
20230917,RAJASTHAN,RJ-BKNR-JC01-0731,98.84
20230917,MAHARASHTRA,MH-NLGA-JC01-0620,98.6
20230917,MADHYA PRADESH,MP-BDPI-JC01-0500,98.58
20230917,KASHMIR,JK-SGAR-JC01-0350,98.07
20230917,RAJASTHAN,RJ-ALWR-JC01-0722,98.85
20230917,BIHAR,BR-STMR-JC01-0206,98.6
20230917,MUMBAI,MU-MUMB-JC12-0012,99.07
20230917,PUNJAB,PB-RPNR-JC01-0711,97.9
20230917,GUJARAT,GJ-VDDR-JC01-0238,98.91
20230917,MAHARASHTRA,MH-BRSH-JC01-0570,98.22
20230917,WEST BENGAL,WB-KGPR-JC01-1061,98.5
20230917,UTTAR PRADESH (WEST),UW-BIUR-JC01-0975,99.35
20230917,RAJASTHAN,RJ-JPUR-JC01-0717,98.72
20230917,UTTAR PRADESH (EAST),UE-AKBR-JC01-0960,98.96
20230917,MAHARASHTRA,MH-BLDN-JC01-0576,98.79
20230917,GUJARAT,GJ-DOHD-JC01-0294,98.92
20230917,RAJASTHAN,RJ-AJMR-JC01-0721,98.74
20230917,MAHARASHTRA,MH-PUSD-JC01-0624,98.63
20230917,RAJASTHAN,RJ-DUSA-JC01-0736,98.73
20230917,MADHYA PRADESH,MP-VDSH-JC01-0541,98.2
20230917,GUJARAT,GJ-KMBT-JC01-0279,98.88
20230917,UTTARAKHAND,UA-MSSR-JC01-1024,97.51
20230917,WEST BENGAL,WB-KNDI-JC01-1058,98.36
20230917,MAHARASHTRA,MH-PLNN-JC01-0608,97.31
20230917,RAJASTHAN,RJ-CHMU-JC01-0733,98.65
20230917,UTTAR PRADESH (EAST),UE-FZAD-JC01-0928,98.29
20230917,GUJARAT,GJ-RJKT-JC01-0260,97.25
20230917,GUJARAT,GJ-JPVG-JC01-0274,98.34
20230917,MAHARASHTRA,MH-MLKP-JC01-0599,98.32
20230917,HIMACHAL PRADESH,HP-UNNA-JC01-0340,98.25
20230917,JHARKHAND,JH-JMDP-JC01-0354,98.68
20230917,JAMMU,JK-UMPR-JC01-0351,98.27
20230917,MAHARASHTRA,MH-AMRV-JC01-0566,98.83
20230917,UTTAR PRADESH (EAST),UE-LRPR-JC01-0942,99.12
20230917,GUJARAT,GJ-GDHR-JC01-0241,98.35
20230917,MADHYA PRADESH,MP-INDR-JC02-0489,96.44
20230917,MUMBAI,MU-MIBH-JC33-0034,99.1
20230917,WEST BENGAL,WB-TRKW-JC01-1050,98.55
20230917,UTTAR PRADESH (WEST),UW-MDGR-JC01-1000,98.16
20230917,GUJARAT,GJ-VAPI-JC01-0223,98.74
20230917,KOLKATA,KO-KLKT-JC07-0076,98.71
20230917,BIHAR,BR-JMLP-JC01-0180,97.52
20230917,MAHARASHTRA,MH-KMPT-JC01-0589,97.58
20230917,PUNJAB,PB-RJPR-JC01-0709,97.73
20230917,WEST BENGAL,WB-BNKR-JC01-1035,98.59
20230917,RAJASTHAN,RJ-CHRU-JC01-0735,98.99
20230917,RAJASTHAN,RJ-SJGR-JC01-0763,99.15
20230917,KOLKATA,KO-KLKT-JC04-0073,98.68
20230917,UTTAR PRADESH (WEST),UW-HTRS-JC01-0989,98.66
20230917,GUJARAT,GJ-PTNN-JC01-0258,98.95
20230917,UTTAR PRADESH (WEST),UW-JGBD-JC01-0990,99.16
20230917,RAJASTHAN,RJ-JLMR-JC01-0743,99.23
20230917,UTTAR PRADESH (EAST),UE-OBRA-JC01-0951,98.6
20230917,MADHYA PRADESH,MP-HGBD-JC01-0511,98.87
20230917,MADHYA PRADESH,MP-INDR-JC01-0488,97.53
20230917,MAHARASHTRA,MH-HGGT-JC01-0583,98.41
20230917,HIMACHAL PRADESH,HP-SHML-JC01-0338,98.27
20230917,UTTAR PRADESH (EAST),UE-JNPR-JC01-0938,98.6
20230917,WEST BENGAL,WB-JLPG-JC01-1054,98.73
20230917,BIHAR,BR-MKMH-JC01-0194,98.13
20230917,MADHYA PRADESH,MP-INDR-JC03-0490,97.5
20230917,HIMACHAL PRADESH,HP-SOLN-JC01-0336,98.18
20230917,PUNJAB,PB-BRNL-JC01-0678,98.02
20230917,MAHARASHTRA,MH-JLGN-JC01-0587,98.62
20230917,UTTAR PRADESH (WEST),UW-KITH-JC01-0999,99.22
20230917,GUJARAT,GJ-AMRL-JC01-0293,98.81
20230917,MAHARASHTRA,MH-KRDD-JC01-0590,98.21
20230917,RAJASTHAN,RJ-LDNU-JC01-0750,99.05
20230917,MADHYA PRADESH,MP-MRRK-JC01-0520,99.04
20230917,RAJASTHAN,RJ-NLGR-JC01-0753,99.21
20230917,JHARKHAND,JH-CRKD-JC01-0363,98.7
20230917,UTTAR PRADESH (WEST),UW-TNDL-JC01-1016,98.62
20230917,MADHYA PRADESH,MP-BHPL-JC01-0485,98.43
20230917,JHARKHAND,JH-RNCH-JC01-0356,98.03
20230917,MUMBAI,MU-VSII-JC34-0035,97
20230917,UTTAR PRADESH (EAST),UE-GLGK-JC01-0933,99.02
20230917,MUMBAI,MU-PNVL-JC25-0025,98.58
20230917,UTTAR PRADESH (WEST),UW-BLDR-JC01-0977,98.37
20230917,MAHARASHTRA,MH-NGPR-JC03-0554,98.63
20230917,BIHAR,BR-MTRI-JC01-0182,98.24
20230917,RAJASTHAN,RJ-FPJJ-JC01-0738,99.1
20230917,UTTARAKHAND,UA-KSPR-JC01-1023,98.74
20230917,UTTAR PRADESH (EAST),UE-HRDO-JC01-0936,99.09
20230917,MUMBAI,MU-MUMB-JC15-0015,98.91
20230917,MAHARASHTRA,MH-LTUR-JC01-0596,98.07
20230917,MAHARASHTRA,MH-SHGN-JC01-0614,98.5
20230917,MAHARASHTRA,MH-ICKJ-JC01-0585,97.47
20230917,JHARKHAND,JH-BGMR-JC01-0364,98.59
20230917,MAHARASHTRA,MH-BDVM-JC01-0573,98.71
20230917,UTTAR PRADESH (EAST),UE-GZPR-JC01-0932,98.46
20230917,WEST BENGAL,WB-SURI-JC01-1072,98.73
20230917,BIHAR,BR-BGLP-JC01-0199,97.88
20230917,RAJASTHAN,RJ-KSGR-JC01-0747,98.95
20230917,RAJASTHAN,RJ-JPUR-JC03-0719,98.59
20230917,UTTARAKHAND,UA-RDPR-JC01-1028,98.57
20230917,UTTAR PRADESH (WEST),UW-AGRA-JC02-0965,98.64
20230917,PUNJAB,PB-FZPR-JC01-0687,98.76
20230917,GUJARAT,GJ-MHUV-JC01-0266,98.81
20230917,UTTAR PRADESH (EAST),UE-KNPR-JC02-0914,96.88
20230917,MAHARASHTRA,MH-STRA-JC01-0613,97.76
20230917,UTTAR PRADESH (EAST),UE-ABDD-JC01-0915,98.54
20230917,MUMBAI,MU-MUMB-JC13-0013,98.96
20230917,PUNJAB,PB-MKSR-JC01-0701,99.04
20230917,UTTAR PRADESH (WEST),UW-MZGR-JC01-1003,98.63
20230917,JHARKHAND,JH-JMRL-JC01-0366,98.46
20230917,JHARKHAND,JH-RMGR-JC01-0372,98.31
20230917,UTTAR PRADESH (WEST),UW-DAPR-JC01-0981,99.06
20230917,MUMBAI,MU-ULHS-JC31-0031,98.43
20230917,MAHARASHTRA,MH-PRLI-JC01-0607,96.84
20230917,PUNJAB,PB-KHNN-JC01-0695,97.81
20230917,UTTAR PRADESH (EAST),UE-DORI-JC01-0927,98.37
20230917,UTTAR PRADESH (WEST),UW-MRUT-JC02-0966,98.42
20230917,MAHARASHTRA,MH-AKLJ-JC01-0561,97.61
20230917,WEST BENGAL,WB-ALPD-JC01-1029,99.06
20230917,GUJARAT,GJ-BRDL-JC01-0247,98.25
20230917,BIHAR,BR-SPUL-JC01-0205,98.78
20230917,WEST BENGAL,WB-BSRT-JC01-1037,98.99
20230917,BIHAR,BR-KHGI-JC01-0192,98.48
20230917,UTTAR PRADESH (EAST),UE-RBRL-JC01-0953,98.66
20230917,UTTAR PRADESH (WEST),UW-KSGJ-JC01-0992,98.94
20230917,BIHAR,BR-BHSR-JC01-0201,98.75
20230917,PUNJAB,PB-FZPC-JC01-0686,98.52
20230917,GUJARAT,GJ-KADI-JC01-0264,98.69
20230917,UTTAR PRADESH (EAST),UE-SPUR-JC01-0959,99.08
20230917,UTTAR PRADESH (EAST),UE-AZMG-JC01-0917,98.59
20230917,UTTAR PRADESH (EAST),UE-RATH-JC01-0954,98.53
20230917,MUMBAI,MU-MUMB-JC20-0020,98.65
20230917,JHARKHAND,JH-DLGJ-JC01-0360,98.82
20230917,PUNJAB,PB-LDHN-JC01-0675,98.7
20230917,UTTAR PRADESH (WEST),UW-PLKH-JC01-1007,98.29
20230917,UTTAR PRADESH (WEST),UW-PLBT-JC01-1006,98.74
20230917,GUJARAT,GJ-JNGD-JC01-0249,98.51
20230917,UTTAR PRADESH (WEST),UW-SRKT-JC01-1013,99.19
20230917,HIMACHAL PRADESH,HP-MNDI-JC01-0337,98.57
20230917,MAHARASHTRA,MH-CHKN-JC01-0577,97.2
20230917,MADHYA PRADESH,MP-NGDA-JC01-0521,98.33
20230917,MAHARASHTRA,MH-SRDI-JC01-0615,98.53
20230917,MADHYA PRADESH,MP-CKKP-JC01-0525,99.13
20230917,MADHYA PRADESH,MP-HRDA-JC01-0510,98.35
20230917,MAHARASHTRA,MH-PUNE-JC05-0546,97.44
20230917,GUJARAT,GJ-SURT-JC01-0234,98.67
20230917,JAMMU,JK-KTHU-JC01-0353,98.47
20230917,PUNJAB,PB-NNGL-JC01-0704,98.4
20230917,WEST BENGAL,WB-AMBG-JC01-1030,98.51
20230917,GUJARAT,GJ-DEEU-JC01-0224,99.17
20230917,UTTAR PRADESH (EAST),UE-KNCH-JC01-0941,99.04
20230917,MUMBAI,MU-MUMB-JC10-0010,98.78
20230917,GUJARAT,GJ-BLMR-JC01-0262,98.85
20230917,MADHYA PRADESH,MP-NMCH-JC01-0523,98.9
20230917,GUJARAT,GJ-IDAR-JC01-0254,98.91
20230917,PUNJAB,PB-SGRR-JC01-0713,98.15
20230917,RAJASTHAN,RJ-BNSR-JC01-0724,98.96
20230917,HARYANA,HR-KLKA-JC01-0297,-
20230917,MADHYA PRADESH,MP-PNNA-JC01-0524,99.23
20230917,GUJARAT,GJ-VLSD-JC01-0289,98.22
20230917,MADHYA PRADESH,MP-BHPL-JC03-0487,98.82
20230917,MUMBAI,MU-KLDM-JC29-0029,98.52
20230917,JHARKHAND,JH-DGHR-JC01-0359,98.53
20230917,WEST BENGAL,WB-KLNA-JC01-1057,98.51
20230917,BIHAR,BR-PTNA-JC01-0172,98.3
20230917,PUNJAB,PB-SFGB-JC01-0714,98.26
20230917,MAHARASHTRA,MH-NGPR-JC01-0552,98.18
20230917,MADHYA PRADESH,MP-SHOR-JC01-0532,98.24
20230917,MUMBAI,MH-THNE-JC01-0619,98.69
20230917,WEST BENGAL,WB-KNTI-JC01-1059,98.83
20230917,RAJASTHAN,RJ-BLTR-JC01-0723,98.58
20230917,KOLKATA,KO-KLKT-JC01-0070,98.97
20230917,JHARKHAND,JH-SBGJ-JC01-0370,98.15
20230917,UTTAR PRADESH (WEST),UW-MTHR-JC01-0998,98.2
20230917,PUNJAB,PB-FZLK-JC01-0685,98.55
20230917,MUMBAI,MU-MUMB-JC05-0005,98.71
20230917,GUJARAT,GJ-VRVL-JC01-0271,98.88
20230917,WEST BENGAL,WB-HLDI-JC01-1052,98.69
20230917,UTTAR PRADESH (WEST),UW-ETAH-JC01-0982,98.99
20230917,RAJASTHAN,RJ-PALI-JC01-0755,98.68
20230917,PUNJAB,PB-BTND-JC01-0680,98.35
20230917,GUJARAT,GJ-BHUJ-JC01-0275,98.64
20230917,UTTAR PRADESH (WEST),UW-SHSN-JC01-1010,99.1
20230917,MUMBAI,MU-MUMB-JC03-0003,98.8
20230917,BIHAR,BR-BGSR-JC01-0191,98.23
20230917,GUJARAT,GJ-ANND-JC01-0281,98.4
20230917,WEST BENGAL,WB-ILMP-JC01-1053,97.84
20230917,KASHMIR,JK-BRML-JC01-0344,98.06
20230917,RAJASTHAN,RJ-BHLR-JC01-0730,99.04
20230917,RAJASTHAN,RJ-CRGR-JC01-0734,98.82
20230917,MADHYA PRADESH,MP-RTLM-JC01-0527,98.89
20230917,RAJASTHAN,RJ-HMGR-JC01-0741,98.89
20230917,UTTAR PRADESH (WEST),UW-BRLL-JC01-0973,98.7
20230917,MAHARASHTRA,MH-OMBD-JC01-0603,97.91
20230917,GUJARAT,GJ-MGRL-JC01-0270,99.06
20230917,UTTAR PRADESH (WEST),UW-KIRN-JC01-0991,97.75
20230917,BIHAR,BR-BUXR-JC01-0197,97.27
20230917,MAHARASHTRA,MH-SGMR-JC01-0611,97.79
20230917,WEST BENGAL,WB-DGPR-JC01-1044,98.68
20230917,RAJASTHAN,RJ-KRUL-JC01-0746,99.33
20230917,MAHARASHTRA,MH-NDBR-JC01-0602,98.64
20230917,GUJARAT,GJ-DWRK-JC01-0252,98.3
20230917,MADHYA PRADESH,MP-BNDD-JC01-0497,98.65
20230917,MAHARASHTRA,MH-BHSL-JC01-0575,97.4
20230917,MAHARASHTRA,MH-RNGR-JC01-0610,99.04
20230917,MADHYA PRADESH,MP-MDSR-JC01-0517,98.44
20230917,MAHARASHTRA,MH-AGBM-JC02-0556,97.76
20230917,PUNJAB,PB-GBDG-JC01-0689,98.18
20230917,BIHAR,BR-CHPR-JC01-0184,97.94
20230917,UTTAR PRADESH (EAST),UE-ORAI-JC01-0952,98.57
20230917,PUNJAB,PB-KPRL-JC01-0694,97.76
20230917,UTTAR PRADESH (EAST),UE-SBDP-JC01-0956,99.2
20230917,MADHYA PRADESH,MP-MCNT-JC01-0518,97.1
20230917,MUMBAI,MU-NVMB-JC23-0023,98.91
20230917,UTTAR PRADESH (EAST),UE-BLMP-JC01-0920,98.92
20230917,MAHARASHTRA,MH-AMDG-JC01-0560,98.25
20230917,PUNJAB,PB-ABHR-JC01-0677,98.64
20230917,RAJASTHAN,RJ-JLWR-JC01-0757,99.18
20230917,UTTAR PRADESH (EAST),UE-TLHR-JC01-0961,99.24
20230917,PUNJAB,PB-PCKB-JC03-0670,97.27
20230917,MUMBAI,MU-MUMB-JC06-0006,98.26
20230917,KOLKATA,KO-KLKT-JC08-0077,98.46
20230917,UTTAR PRADESH (WEST),UW-KHRJ-JC01-0994,98.46
20230917,UTTAR PRADESH (EAST),UE-LCKN-JC04-0912,98.79
20230917,MAHARASHTRA,MH-GNDY-JC01-0582,99.03
20230917,MAHARASHTRA,MH-SPDE-JC01-0616,98.5
20230917,MAHARASHTRA,MH-BNDR-JC01-0574,98.52
20230917,UTTAR PRADESH (EAST),UE-UNNO-JC01-0962,97.79
20230917,WEST BENGAL,WB-JGPR-JC01-1055,98.32
20230917,GUJARAT,GJ-UPLT-JC01-0285,97.68
20230917,HIMACHAL PRADESH,HP-DRMS-JC01-0335,98.27
20230917,PUNJAB,PB-JLBA-JC01-0693,98.12
20230917,GUJARAT,GJ-KLOL-JC01-0245,98.34
20230917,BIHAR,BR-MDBN-JC01-0196,98.58
20230917,UTTAR PRADESH (EAST),UE-MRGJ-JC01-0947,98.81
20230917,UTTAR PRADESH (EAST),UE-GKPR-JC01-0935,98.2
20230917,RAJASTHAN,RJ-BRPR-JC01-0729,98.82
20230917,UTTAR PRADESH (EAST),UE-BRBK-JC01-0922,98.66
20230917,WEST BENGAL,WB-KTWA-JC01-1060,98.48
20230917,GUJARAT,GJ-NVSR-JC01-0290,98.65
20230917,UTTAR PRADESH (WEST),UW-MRUT-JC01-0967,97.51
20230917,BIHAR,BR-PTNA-JC02-0173,98.37
20230917,UTTARAKHAND,UA-HRDR-JC01-1022,98.44
20230917,WEST BENGAL,WB-DJLG-JC01-1042,96.17
20230917,MAHARASHTRA,MH-KHPL-JC01-0593,98.14
20230917,JHARKHAND,JH-BKLC-JC01-0369,98.68
20230917,GUJARAT,GJ-DBHO-JC01-0265,97.06
20230917,WEST BENGAL,WB-CKDA-JC01-1041,98.84
20230917,MADHYA PRADESH,MP-BSOD-JC01-0495,99.29
20230917,RAJASTHAN,RJ-NGUR-JC01-0752,98.95
20230917,JHARKHAND,JH-JMDP-JC02-0355,98.61
20230917,UTTAR PRADESH (WEST),UW-MNPR-JC01-0997,98.8
20230917,MUMBAI,MU-BDLP-JC36-0032,98.23
20230917,UTTAR PRADESH (EAST),UE-BHDH-JC01-0925,97.7
20230917,UTTAR PRADESH (EAST),UE-GNGG-JC01-0931,98.66
20230917,BIHAR,BR-RAJG-JC01-0208,98.09
20230917,MAHARASHTRA,MH-PRBN-JC01-0606,98.73
20230917,UTTAR PRADESH (EAST),UE-KNPR-JC01-0913,98.9
20230917,UTTAR PRADESH (EAST),UE-MBKP-JC01-0949,98.76
20230917,UTTAR PRADESH (WEST),UW-HSPR-JC01-0988,99.13
20230917,KOLKATA,KO-KLKT-JC11-0080,98.64
20230917,MADHYA PRADESH,MP-SRNI-JC01-0530,99.19
20230917,MUMBAI,MU-VIRR-JC35-0145,98.42
20230917,PUNJAB,PB-LDHN-JC02-0676,97.67
20230917,MADHYA PRADESH,MP-CRPR-JC01-0501,98.97
20230917,MUMBAI,MU-THNE-JC26-0026,98.66
20230917,GUJARAT,GJ-BRCH-JC01-0244,98.46
20230917,WEST BENGAL,WB-FRKK-JC01-1046,98.15
20230917,GUJARAT,GJ-AMBD-JC04-0231,98.25
20230917,PUNJAB,PB-SGML-JC02-0669,97.85
20230917,MAHARASHTRA,MH-DHUL-JC01-0581,98.94
20230917,GUJARAT,GJ-AMBD-JC05-0232,98.58
20230917,GUJARAT,GJ-VDDR-JC02-0239,98.48
20230917,RAJASTHAN,RJ-UDPR-JC01-0766,98.71
20230917,UTTAR PRADESH (EAST),UE-MHOB-JC01-0945,98.8
20230917,HIMACHAL PRADESH,HP-SDRN-JC01-0341,98.57
20230917,UTTAR PRADESH (EAST),UE-SJPR-JC01-0957,98.73
20230917,GUJARAT,GJ-UNJH-JC01-0282,97.77
20230917,KOLKATA,KO-KLKT-JC13-0082,98.94
20230917,MUMBAI,MU-MUMB-JC19-0019,98.92
20230917,MAHARASHTRA,MH-AKOL-JC01-0562,98.53
20230917,MAHARASHTRA,MH-KRNJ-JC01-0591,98.66
20230917,MADHYA PRADESH,MP-JBLP-JC01-0491,99.06
20230917,JHARKHAND,JH-GMLA-JC02-0362,98.24
20230917,MAHARASHTRA,MH-PUNE-JC04-0545,98.37
20230917,UTTAR PRADESH (EAST),UE-FKBG-JC01-0929,98.99
20230917,PUNJAB,PB-TRRN-JC01-0716,98.12
20230917,WEST BENGAL,WB-GAOK-JC01-1048,97.05
20230917,GUJARAT,GJ-AMBD-JC01-0228,98.36
20230917,MAHARASHTRA,MH-SNGL-JC01-0612,98.45
20230917,WEST BENGAL,WB-RMPT-JC01-1068,98.36
20230917,UTTAR PRADESH (WEST),UW-KHTL-JC01-0993,98.68
20230917,PUNJAB,PB-BTLA-JC01-0679,98.18
20230917,GUJARAT,GJ-RJLA-JC01-0268,98.45
20230917,BIHAR,BR-SAUR-JC01-0181,98.34
20230917,MADHYA PRADESH,MP-CNDR-JC01-0502,98.69
20230917,PUNJAB,PB-MOGA-JC01-0700,98.36
20230917,MUMBAI,MU-THNE-JC27-0027,98.71
20230917,UTTAR PRADESH (WEST),UW-AURY-JC01-0970,98.24
20230917,MAHARASHTRA,MH-CWAD-JC01-0542,98.05
20230917,BIHAR,BR-JMUI-JC01-0207,97.73
20230917,BIHAR,BR-GPGJ-JC01-0210,98.68
20230917,MUMBAI,MH-PLGR-JC01-0604,98.3
20230917,UTTAR PRADESH (EAST),UE-GOND-JC01-0934,98.89
20230917,UTTAR PRADESH (WEST),UW-ETWH-JC01-0983,98.58
20230917,WEST BENGAL,WB-SLGR-JC01-1071,97.87
20230917,PUNJAB,PB-HRPR-JC01-0691,98.41
20230917,UTTAR PRADESH (EAST),UE-MZPV-JC01-0948,98.08
20230917,MAHARASHTRA,MH-HNGL-JC01-0584,97.57
20230917,UTTAR PRADESH (WEST),UW-AMRH-JC01-0969,98.7
20230917,UTTAR PRADESH (WEST),UW-NJBB-JC01-1005,98.92
20230917,MUMBAI,MU-MUMB-JC22-0022,98.79
20230917,UTTAR PRADESH (WEST),UW-SBAD-JC01-1015,97.21
20230917,WEST BENGAL,WB-EGBZ-JC01-1045,97.58
20230917,GOA,GO-MRMG-JC01-0225,97.24
20230917,MUMBAI,MU-MUMB-JC17-0017,98.8
20230917,UTTARAKHAND,UA-HKGM-JC01-1021,98.47
20230917,PUNJAB,PB-NKDR-JC01-0703,98.48
20230917,RAJASTHAN,RJ-SIKR-JC01-0762,99.04
20230917,MADHYA PRADESH,MP-MORN-JC01-0519,98.83
20230917,MADHYA PRADESH,MP-SVPR-JC01-0537,99.23
20230917,RAJASTHAN,RJ-BUND-JC01-0732,98.93
20230917,GUJARAT,GJ-JMGR-JC01-0259,97.91
20230917,MAHARASHTRA,MH-KLPR-JC01-0594,97.56
20230917,PUNJAB,PB-MLKL-JC01-0697,97.99
20230917,RAJASTHAN,RJ-MKRN-JC01-0751,99.07
20230917,MAHARASHTRA,MH-NGPR-JC02-0553,98.43
20230917,PUNJAB,PB-GDBH-JC01-0688,98.75
20230917,UTTAR PRADESH (WEST),UW-DBND-JC01-0980,99.01
20230917,MADHYA PRADESH,MP-BHPL-JC02-0486,97.76
20230917,UTTAR PRADESH (WEST),UW-KSKN-JC01-0996,98.41
20230917,MADHYA PRADESH,MP-JORA-JC01-0513,99.05
20230917,UTTAR PRADESH (WEST),UW-SMLI-JC01-1012,98.69
20230917,BIHAR,BR-PURN-JC01-0176,98.74
20230917,UTTAR PRADESH (EAST),UE-KNNJ-JC01-0940,98.81
20230917,UTTAR PRADESH (EAST),UE-BCCH-JC01-0918,99.01
20230917,UTTAR PRADESH (EAST),UE-LCKN-JC03-0911,98.57
20230917,JHARKHAND,JH-PHSR-JC01-0368,98.66
20230917,PUNJAB,PB-DRBS-JC01-0682,97.26
20230917,MADHYA PRADESH,MP-MNDL-JC01-0516,99.17
20230917,MAHARASHTRA,MH-NDDG-JC01-0601,98.18
20230917,MAHARASHTRA,MH-SLPR-JC01-0618,98.77
20230917,GUJARAT,GJ-SURT-JC03-0236,98.52
20230917,KOLKATA,KO-KLKT-JC12-0081,98.83
20230917,MAHARASHTRA,MH-AJGN-JC01-0567,98.8
20230917,BIHAR,BR-JNBD-JC01-0202,98.82
20230917,BIHAR,BR-BRAU-JC01-0188,98.36
20230917,MAHARASHTRA,MH-PUNE-JC06-0547,98.06
20230917,UTTAR PRADESH (WEST),UW-HPUR-JC01-0987,98.05
20230917,JAMMU,JK-JMMU-JC01-0349,97.95
20230917,MAHARASHTRA,MH-CWAD-JC02-0543,98.04
20230917,MUMBAI,MU-MUMB-JC01-0001,98.2
20230917,UTTAR PRADESH (WEST),UW-BDUN-JC01-0976,98.58
20230917,UTTAR PRADESH (WEST),UW-FDPR-JC01-0984,98.79
20230917,PUNJAB,PB-JLDR-JC02-0674,98.55
20230917,MAHARASHTRA,MH-CHPD-JC01-0580,98.77
20230917,GUJARAT,GJ-UNAA-JC01-0277,98.52
20230917,BIHAR,BR-DRBG-JC01-0203,98.23
20230917,GUJARAT,GJ-KSHD-JC01-0246,98.56
20230917,MAHARASHTRA,MH-AKOT-JC01-0563,99.02
20230917,BIHAR,BR-NWDA-JC01-0193,98.27
20230917,MAHARASHTRA,MH-KMGN-JC01-0592,98.98
20230917,UTTAR PRADESH (WEST),UW-RMPR-JC01-1008,98.97
20230917,UTTAR PRADESH (WEST),UW-FZBD-JC01-0985,95.25
20230917,MUMBAI,MU-MUMB-JC04-0004,98.96
20230917,UTTAR PRADESH (WEST),UW-BJNR-JC01-0974,99
20230917,RAJASTHAN,RJ-HNDN-JC01-0742,98.77
20230917,WEST BENGAL,WB-KRGR-JC01-1063,99.06
20230917,PUNJAB,PB-NBHA-JC01-0702,98.91
20230917,KASHMIR,JK-ANNG-JC01-0347,98.06
20230917,MAHARASHTRA,MH-PUNE-JC10-0551,98.38
20230917,BIHAR,BR-MNGR-JC01-0209,98.49
20230917,UTTARAKHAND,UA-RSKS-JC01-1026,98.47
20230917,UTTARAKHAND,UA-DRDN-JC02-1020,97.92
20230917,WEST BENGAL,WB-PRLY-JC01-1066,98.72
20230917,GUJARAT,GJ-BRSD-JC01-0283,98.84
20230917,MAHARASHTRA,MH-CDPR-JC01-0579,98.1
20230917,MADHYA PRADESH,MP-KHND-JC01-0514,98.93
20230917,BIHAR,BR-KGJJ-JC01-0204,98.64
20230917,GUJARAT,GJ-SURT-JC02-0235,98.12
20230917,UTTAR PRADESH (WEST),UW-MGAR-JC01-1002,97.93
20230917,WEST BENGAL,WB-JGMM-JC01-1056,99.26
20230917,GUJARAT,GJ-AMBD-JC02-0229,98.16
20230917,UTTAR PRADESH (EAST),UE-BLLI-JC01-0919,98.75
20230917,GOA,GO-MRGO-JC01-0226,98.06
20230917,RAJASTHAN,RJ-RJND-JC01-0758,98.71
20230917,WEST BENGAL,WB-DHRB-JC01-1034,98.89
20230917,HIMACHAL PRADESH,HP-KLLU-JC01-0339,98.76
20230917,MAHARASHTRA,MH-AGBM-JC01-0555,98.12
20230917,UTTAR PRADESH (EAST),UE-JLUN-JC01-0937,98.62
20230917,MAHARASHTRA,MH-SMPR-JC01-0617,98.32
20230917,WEST BENGAL,WB-BSPR-JC01-1039,98.89
20230917,MAHARASHTRA,MH-ACLP-JC01-0559,99.07
20230917,GOA,GO-PNJI-JC01-0227,98.52
20230917,RAJASTHAN,RJ-BRMR-JC01-0727,98.61
20230917,MADHYA PRADESH,MP-BTUL-JC01-0496,98.96
20230917,UTTAR PRADESH (WEST),UW-UJHN-JC01-1017,99.2
20230917,JHARKHAND,JH-CHBS-JC01-0371,98.83
20230917,UTTAR PRADESH (EAST),UE-APRA-JC01-0916,99.16
20230917,MADHYA PRADESH,MP-STNA-JC01-0531,98.64
20230917,KASHMIR,JK-SPRE-JC01-0345,97.34
20230917,MADHYA PRADESH,MP-BLGT-JC01-0494,99.06
20230917,JHARKHAND,JH-HZBG-JC01-0358,98.22
20230917,UTTAR PRADESH (EAST),UE-BPPG-JC01-0924,99.05
20230917,MUMBAI,MU-MUMB-JC14-0014,98.76
20230917,UTTAR PRADESH (WEST),UW-CPUR-JC01-0979,99.03
20230917,WEST BENGAL,WB-KCBR-JC01-1062,98.94
20230917,JHARKHAND,JH-RNCH-JC02-0357,98.05
20230917,PUNJAB,PB-JGRN-JC01-0692,98.33
20230917,UTTAR PRADESH (WEST),UW-NGIN-JC01-1004,98.98
20230917,PUNJAB,PB-MNSA-JC01-0699,98.76
20230917,MAHARASHTRA,MH-ULMP-JC01-0586,97.1
20230917,UTTARAKHAND,UA-DRDN-JC01-1019,97.76
20230917,MADHYA PRADESH,MP-SJUR-JC01-0535,99
20230917,PUNJAB,PB-DSUA-JC01-0681,98.4
20230917,MUMBAI,MU-MUMB-JC07-0007,98.63
20230917,MADHYA PRADESH,MP-NMPR-JC01-0522,98.98
20230917,RAJASTHAN,RJ-JJUN-JC01-0744,99.08
20230917,GUJARAT,GJ-GDGR-JC01-0269,97.97
20230917,WEST BENGAL,WB-HCDP-JC01-1038,98.77
20230917,WEST BENGAL,WB-MDPR-JC01-1064,98.79
20230917,WEST BENGAL,WB-ASSL-JC01-1031,98.52
20230917,MAHARASHTRA,MH-ABJG-JC01-0565,98.02
20230917,UTTAR PRADESH (EAST),UE-LKMP-JC01-0943,98.68
20230917,HIMACHAL PRADESH,HP-PNTA-JC01-0334,98.37
20230917,MAHARASHTRA,MH-NSHK-JC01-0557,98.69
20230917,MADHYA PRADESH,MP-PMPR-JC01-0526,97.5
