Date,Circle,Jio Center,151405-5G_ERCS_Intra NR Overall HOSR
20230917,MAHARASHTRA,MH0WANI0JC0100621,98.37
20230917,GUJARAT,GJ0HGAR0JC0100286,97.64
20230917,UTTAR PRADESH (EAST),UE0LCKN0JC0200910,98.61
20230917,UTTAR PRADESH (WEST),UW0BRUT0JC0100972,98.62
20230917,MADHYA PRADESH,MP0KRGN0JC0100515,98.68
20230917,MAHARASHTRA,MH0NSHK0JC0200558,98.1
20230917,GUJARAT,GJ0NDID0JC0100250,98.47
20230917,RAJASTHAN,RJ0DLPR0JC0100737,98.82
20230917,BIHAR,BR0KTHR0JC0100200,98.46
20230917,MUMBAI,MU0MUMB0JC1800018,98.97
20230917,RAJASTHAN,RJ0NMBR0JC0100754,98.8
20230917,GUJARAT,GJ0MODS0JC0100276,98.61
20230917,PUNJAB,PB0JLDR0JC0100673,97.87
20230917,UTTAR PRADESH (EAST),UE0FPRP0JC0100930,98.83
20230917,GUJARAT,GJ0PTLD0JC0100251,99.03
20230917,KOLKATA,KO0KLKT0JC0600075,98.55
20230917,GUJARAT,GJ0MHSN0JC0100291,98.72
20230917,UTTAR PRADESH (EAST),UE0MGLI0JC0100950,97.63
20230917,UTTAR PRADESH (WEST),UW0KRPR0JC0100995,99.31
20230917,GUJARAT,GJ0MORV0JC0100248,98.22
20230917,PUNJAB,PB0NWSH0JC0100705,98.33
20230917,UTTAR PRADESH (WEST),UW0BHRI0JC0100971,98.96
20230917,UTTAR PRADESH (WEST),UW0AGRA0JC0100964,98.54
20230917,PUNJAB,PB0SUNM0JC0100715,98.69
20230917,UTTAR PRADESH (EAST),UE0BSTI0JC0100923,98.82
20230917,BIHAR,BR0SIWN0JC0100195,97.62
20230917,MAHARASHTRA,MH0MLGN0JC0100598,98.15
20230917,BIHAR,BR0DHRI0JC0100177,98.58
20230917,GUJARAT,GJ0AMBD0JC0300230,97.99
20230917,PUNJAB,PB0AMRR0JC0100671,98.56
20230917,WEST BENGAL,WB0BAUR0JC0101032,98.93
20230917,PUNJAB,PB0MLUT0JC0100698,98.87
20230917,MAHARASHTRA,MH0PUNE0JC0900550,96.12
20230917,WEST BENGAL,WB0KLAG0JC0101049,98.77
20230917,JHARKHAND,JH0DNBD0JC0100365,98.52
20230917,PUNJAB,PB0CDGR0JC0100668,98.52
20230917,MADHYA PRADESH,MP0TKMG0JC0100539,98.95
20230917,KOLKATA,KO0KLKT0JC0900078,98.56
20230917,WEST BENGAL,WB0BRDN0JC0101036,98.64
20230917,MADHYA PRADESH,MP0GUNA0JC0100508,98.85
20230917,UTTAR PRADESH (WEST),UW0ALGR0JC0100968,98.55
20230917,MUMBAI,MU0THNE0JC2800028,98.02
20230917,MUMBAI,MU0MUMB0JC1100011,98.63
20230917,GUJARAT,GJ0PLPR0JC0100243,98.72
20230917,KOLKATA,KO0KLKT0JC1000079,98.81
20230917,MADHYA PRADESH,MP0JBLP0JC0200492,98.76
20230917,MADHYA PRADESH,MP0BPUR0JC0100499,98.76
20230917,RAJASTHAN,RJ0SMDP0JC0100761,98.85
20230917,GUJARAT,GJ0PLTN0JC0100284,98.59
20230917,MAHARASHTRA,MH0WSHM0JC0100623,97.6
20230917,JAMMU,JK0KATR0JC0100348,97.87
20230917,PUNJAB,PB0SMNA0JC0100712,98.88
20230917,RAJASTHAN,RJ0DNGP0JC0100749,99.11
20230917,RAJASTHAN,RJ0BRNN0JC0100725,98.98
20230917,MADHYA PRADESH,MP0DMOH0JC0100504,98.7
20230917,MADHYA PRADESH,MP0SONI0JC0100533,99.04
20230917,WEST BENGAL,WB0RGNJ0JC0101067,98.7
20230917,MAHARASHTRA,MH0BIDD0JC0100572,98.11
20230917,RAJASTHAN,RJ0SRHI0JC0100759,98.12
20230917,MAHARASHTRA,MH0PDPR0JC0100605,97.49
20230917,PUNJAB,PB0DHUR0JC0100683,98.64
20230917,UTTARAKHAND,UA0RRKE0JC0101027,98.89
20230917,MADHYA PRADESH,MP0SGRL0JC0100538,96.08
20230917,RAJASTHAN,RJ0JDPR0JC0100745,98.63
20230917,BIHAR,BR0ARRI0JC0100179,98.86
20230917,MADHYA PRADESH,MP0DEWS0JC0100506,97.66
20230917,MADHYA PRADESH,MP0DHAR0JC0100507,98.37
20230917,MADHYA PRADESH,MP0CAND0JC0100493,98.8
20230917,MUMBAI,MU0MUMB0JC1600016,98.8
20230917,BIHAR,BR0GAYA0JC0100174,98.39
20230917,KOLKATA,KO0KLKT0JC0500074,99.13
20230917,GUJARAT,GJ0BVGR0JC0100267,98.29
20230917,GUJARAT,GJ0GNDL0JC0100280,98.38
20230917,PUNJAB,PB0GDPR0JC0100690,98.51
20230917,UTTAR PRADESH (EAST),UE0JHNS0JC0100939,98.53
20230917,UTTAR PRADESH (EAST),UE0LCKN0JC0100909,98.61
20230917,RAJASTHAN,RJ0JLOR0JC0100756,99.06
20230917,GUJARAT,GJ0PBDR0JC0100278,98.46
20230917,UTTAR PRADESH (WEST),UW0SRPR0JC0101009,98.7
20230917,RAJASTHAN,RJ0KOTA0JC0100748,98.36
20230917,WEST BENGAL,WB0SNPR0JC0101070,99.16
20230917,MAHARASHTRA,MH0BSMT0JC0100571,96.04
20230917,GUJARAT,GJ0DEES0JC0100257,98.36
20230917,RAJASTHAN,RJ0GGGR0JC0100739,98.96
20230917,MADHYA PRADESH,MP0SDLL0JC0100534,99.06
20230917,BIHAR,BR0AGBB0JC0100185,98.19
20230917,BIHAR,BR0MZPR0JC0100175,98.4
20230917,MAHARASHTRA,MH0AMLR0JC0100564,98.89
20230917,RAJASTHAN,RJ0JPUR0JC0400720,98.43
20230917,JHARKHAND,JH0GRDH0JC0100367,98.29
20230917,BIHAR,BR0HJPR0JC0100178,97.67
20230917,RAJASTHAN,RJ0GGPC0JC0100740,98.9
20230917,UTTAR PRADESH (EAST),UE0RNKT0JC0100955,99.39
20230917,WEST BENGAL,WB0CNNG0JC0101033,99.13
20230917,GUJARAT,GJ0AKLV0JC0100261,98.2
20230917,UTTAR PRADESH (WEST),UW0DDRI0JC0100310,98.39
20230917,GUJARAT,GJ0MNDR0JC0100287,98.81
20230917,RAJASTHAN,RJ0TJRA0JC0100726,98.72
20230917,MAHARASHTRA,MH0PUNE0JC0700548,98.54
20230917,BIHAR,BR0BGHA0JC0100186,99.03
20230917,GUJARAT,GJ0GDDM0JC0100256,98.68
20230917,MAHARASHTRA,MH0CLSG0JC0100578,98.89
20230917,MUMBAI,MU0NVMB0JC2400024,98.61
20230917,MAHARASHTRA,MH0YVML0JC0100609,98.88
20230917,MUMBAI,MU0MUMB0JC0900009,98.77
20230917,GUJARAT,GJ0VSGR0JC0100272,98.3
20230917,MADHYA PRADESH,MP0REWA0JC0100528,98.8
20230917,GUJARAT,GJ0VMGM0JC0100242,98.75
20230917,UTTARAKHAND,UA0RMNA0JC0101025,98.97
20230917,PUNJAB,PB0KKPR0JC0100696,98.26
20230917,PUNJAB,PB0PHGR0JC0100708,97.56
20230917,MADHYA PRADESH,MP0GWLR0JC0100509,98.79
20230917,GUJARAT,GJ0AMBD0JC0600233,98.28
20230917,MUMBAI,MU0MUMB0JC2100021,98.1
20230917,WEST BENGAL,WB0RNGT0JC0101069,98.72
20230917,UTTAR PRADESH (WEST),UW0CNDS0JC0100978,99.07
20230917,BIHAR,BR0SHRS0JC0100198,98.53
20230917,HIMACHAL PRADESH,HP0BDDI0JC0100343,98.62
20230917,UTTAR PRADESH (EAST),UE0VRNS0JC0100963,97.92
20230917,WEST BENGAL,WB0NBDP0JC0101065,99.04
20230917,GUJARAT,GJ0SURT0JC0400237,97.46
20230917,UTTAR PRADESH (WEST),UW0SRSW0JC0100986,98.92
20230917,WEST BENGAL,WB0BOUR0JC0101040,98.61
20230917,BIHAR,BR0BTTH0JC0100189,98.62
20230917,MADHYA PRADESH,MP0BNTW0JC0100498,98.65
20230917,MADHYA PRADESH,MP0DTIA0JC0100505,98.58
20230917,BIHAR,BR0LKSR0JC0100190,98.26
20230917,GUJARAT,GJ0VDDR0JC0300240,98.63
20230917,MADHYA PRADESH,MP0DBRA0JC0100503,97.96
20230917,UTTAR PRADESH (EAST),UE0BNDA0JC0100921,98.9
20230917,MADHYA PRADESH,MP0UJJN0JC0100540,98.56
20230917,KOLKATA,KO0KLKT0JC0300072,98.87
20230917,MAHARASHTRA,MH0PUNE0JC0800549,98.26
20230917,PUNJAB,PB0FRDK0JC0100684,98.82
20230917,WEST BENGAL,WB0GGMP0JC0101047,98.95
20230917,KASHMIR,JK0BDGM0JC0100352,97.54
20230917,GUJARAT,GJ0DHLK0JC0100273,98.07
20230917,JAMMU,JK0RARI0JC0100346,98.15
20230917,UTTAR PRADESH (EAST),UE0STPR0JC0100958,99.06
20230917,MUMBAI,MU0BHND0JC3200033,97.87
20230917,UTTAR PRADESH (WEST),UW0VRDV0JC0101018,98.12
20230917,RAJASTHAN,RJ0TONK0JC0100765,98.95
20230917,BIHAR,BR0SSRM0JC0100187,97.89
20230917,GUJARAT,GJ0SLVS0JC0100263,99.15
20230917,MAHARASHTRA,MH0BRMT0JC0100569,97.3
20230917,UTTAR PRADESH (WEST),UW0SMBL0JC0101011,98.6
20230917,WEST BENGAL,WB0JYNR0JC0101043,98.84
20230917,UTTAR PRADESH (EAST),UE0LLPR0JC0100944,98.68
20230917,UTTAR PRADESH (EAST),UE0CBRM0JC0100926,98.25
20230917,PUNJAB,PB0PRHL0JC0100710,98.47
20230917,MUMBAI,MU0MUMB0JC0200002,98.49
20230917,HIMACHAL PRADESH,HP0BLAS0JC0100342,98.24
20230917,MAHARASHTRA,MH0KPRG0JC0100595,95.67
20230917,BIHAR,BR0ARRH0JC0100183,98.69
20230917,GUJARAT,GJ0DGDA0JC0100253,98.97
20230917,MADHYA PRADESH,MP0SGMP0JC0100529,98.82
20230917,GUJARAT,GJ0BOTD0JC0100288,98.57
20230917,GUJARAT,GJ0WDHN0JC0100292,98.75
20230917,PUNJAB,PB0PNKT0JC0100706,98.45
20230917,MAHARASHTRA,MH0MNMD0JC0100600,97.34
20230917,JHARKHAND,JH0DUMK0JC0100361,98.2
20230917,UTTAR PRADESH (WEST),UW0SKBD0JC0101014,97.84
20230917,MAHARASHTRA,MH0CWAD0JC0300544,97.86
20230917,RAJASTHAN,RJ0BEWR0JC0100728,98.92
20230917,GUJARAT,GJ0ANJR0JC0100255,97.79
20230917,MAHARASHTRA,MH0LNVL0JC0100597,96.25
20230917,RAJASTHAN,RJ0JPUR0JC0200718,98.5
20230917,KOLKATA,KO0KLKT0JC0200071,98.8
20230917,PUNJAB,PB0AMRR0JC0200672,98.37
20230917,RAJASTHAN,RJ0SDAR0JC0100760,98.96
20230917,MADHYA PRADESH,MP0BAOR0JC0100536,98.9
20230917,MAHARASHTRA,MH0BLLP0JC0100568,98.35
20230917,MAHARASHTRA,MH0WRDH0JC0100622,98.46
20230917,PUNJAB,PB0PTIL0JC0100707,98.73
20230917,MAHARASHTRA,MH0JLNA0JC0100588,98.39
20230917,KOLKATA,KO0KLKT0JC1400083,99.1
20230917,RAJASTHAN,RJ0SRGR0JC0100764,99.1
20230917,UTTAR PRADESH (EAST),UE0MBJN0JC0100946,98.94
20230917,UTTAR PRADESH (WEST),UW0MDBD0JC0101001,98.65
20230917,MUMBAI,MU0KLDM0JC3000030,98.48
20230917,MUMBAI,MU0MUMB0JC0800008,98.47
20230917,WEST BENGAL,WB0HBRA0JC0101051,99.2
20230917,MADHYA PRADESH,MP0ITRS0JC0100512,98.58
20230917,RAJASTHAN,RJ0BKNR0JC0100731,98.84
20230917,MAHARASHTRA,MH0NLGA0JC0100620,98.6
20230917,MADHYA PRADESH,MP0BDPI0JC0100500,98.58
20230917,KASHMIR,JK0SGAR0JC0100350,98.07
20230917,RAJASTHAN,RJ0ALWR0JC0100722,98.85
20230917,BIHAR,BR0STMR0JC0100206,98.6
20230917,MUMBAI,MU0MUMB0JC1200012,99.07
20230917,PUNJAB,PB0RPNR0JC0100711,97.9
20230917,GUJARAT,GJ0VDDR0JC0100238,98.91
20230917,MAHARASHTRA,MH0BRSH0JC0100570,98.22
20230917,WEST BENGAL,WB0KGPR0JC0101061,98.5
20230917,UTTAR PRADESH (WEST),UW0BIUR0JC0100975,99.35
20230917,RAJASTHAN,RJ0JPUR0JC0100717,98.72
20230917,UTTAR PRADESH (EAST),UE0AKBR0JC0100960,98.96
20230917,MAHARASHTRA,MH0BLDN0JC0100576,98.79
20230917,GUJARAT,GJ0DOHD0JC0100294,98.92
20230917,RAJASTHAN,RJ0AJMR0JC0100721,98.74
20230917,MAHARASHTRA,MH0PUSD0JC0100624,98.63
20230917,RAJASTHAN,RJ0DUSA0JC0100736,98.73
20230917,MADHYA PRADESH,MP0VDSH0JC0100541,98.2
20230917,GUJARAT,GJ0KMBT0JC0100279,98.88
20230917,UTTARAKHAND,UA0MSSR0JC0101024,97.51
20230917,WEST BENGAL,WB0KNDI0JC0101058,98.36
20230917,MAHARASHTRA,MH0PLNN0JC0100608,97.31
20230917,RAJASTHAN,RJ0CHMU0JC0100733,98.65
20230917,UTTAR PRADESH (EAST),UE0FZAD0JC0100928,98.29
20230917,GUJARAT,GJ0RJKT0JC0100260,97.25
20230917,GUJARAT,GJ0JPVG0JC0100274,98.34
20230917,MAHARASHTRA,MH0MLKP0JC0100599,98.32
20230917,HIMACHAL PRADESH,HP0UNNA0JC0100340,98.25
20230917,JHARKHAND,JH0JMDP0JC0100354,98.68
20230917,JAMMU,JK0UMPR0JC0100351,98.27
20230917,MAHARASHTRA,MH0AMRV0JC0100566,98.83
20230917,UTTAR PRADESH (EAST),UE0LRPR0JC0100942,99.12
20230917,GUJARAT,GJ0GDHR0JC0100241,98.35
20230917,MADHYA PRADESH,MP0INDR0JC0200489,96.44
20230917,MUMBAI,MU0MIBH0JC3300034,99.1
20230917,WEST BENGAL,WB0TRKW0JC0101050,98.55
20230917,UTTAR PRADESH (WEST),UW0MDGR0JC0101000,98.16
20230917,GUJARAT,GJ0VAPI0JC0100223,98.74
20230917,KOLKATA,KO0KLKT0JC0700076,98.71
20230917,BIHAR,BR0JMLP0JC0100180,97.52
20230917,MAHARASHTRA,MH0KMPT0JC0100589,97.58
20230917,PUNJAB,PB0RJPR0JC0100709,97.73
20230917,WEST BENGAL,WB0BNKR0JC0101035,98.59
20230917,RAJASTHAN,RJ0CHRU0JC0100735,98.99
20230917,RAJASTHAN,RJ0SJGR0JC0100763,99.15
20230917,KOLKATA,KO0KLKT0JC0400073,98.68
20230917,UTTAR PRADESH (WEST),UW0HTRS0JC0100989,98.66
20230917,GUJARAT,GJ0PTNN0JC0100258,98.95
20230917,UTTAR PRADESH (WEST),UW0JGBD0JC0100990,99.16
20230917,RAJASTHAN,RJ0JLMR0JC0100743,99.23
20230917,UTTAR PRADESH (EAST),UE0OBRA0JC0100951,98.6
20230917,MADHYA PRADESH,MP0HGBD0JC0100511,98.87
20230917,MADHYA PRADESH,MP0INDR0JC0100488,97.53
20230917,MAHARASHTRA,MH0HGGT0JC0100583,98.41
20230917,HIMACHAL PRADESH,HP0SHML0JC0100338,98.27
20230917,UTTAR PRADESH (EAST),UE0JNPR0JC0100938,98.6
20230917,WEST BENGAL,WB0JLPG0JC0101054,98.73
20230917,BIHAR,BR0MKMH0JC0100194,98.13
20230917,MADHYA PRADESH,MP0INDR0JC0300490,97.5
20230917,HIMACHAL PRADESH,HP0SOLN0JC0100336,98.18
20230917,PUNJAB,PB0BRNL0JC0100678,98.02
20230917,MAHARASHTRA,MH0JLGN0JC0100587,98.62
20230917,UTTAR PRADESH (WEST),UW0KITH0JC0100999,99.22
20230917,GUJARAT,GJ0AMRL0JC0100293,98.81
20230917,MAHARASHTRA,MH0KRDD0JC0100590,98.21
20230917,RAJASTHAN,RJ0LDNU0JC0100750,99.05
20230917,MADHYA PRADESH,MP0MRRK0JC0100520,99.04
20230917,RAJASTHAN,RJ0NLGR0JC0100753,99.21
20230917,JHARKHAND,JH0CRKD0JC0100363,98.7
20230917,UTTAR PRADESH (WEST),UW0TNDL0JC0101016,98.62
20230917,MADHYA PRADESH,MP0BHPL0JC0100485,98.43
20230917,JHARKHAND,JH0RNCH0JC0100356,98.03
20230917,MUMBAI,MU0VSII0JC3400035,97
20230917,UTTAR PRADESH (EAST),UE0GLGK0JC0100933,99.02
20230917,MUMBAI,MU0PNVL0JC2500025,98.58
20230917,UTTAR PRADESH (WEST),UW0BLDR0JC0100977,98.37
20230917,MAHARASHTRA,MH0NGPR0JC0300554,98.63
20230917,BIHAR,BR0MTRI0JC0100182,98.24
20230917,RAJASTHAN,RJ0FPJJ0JC0100738,99.1
20230917,UTTARAKHAND,UA0KSPR0JC0101023,98.74
20230917,UTTAR PRADESH (EAST),UE0HRDO0JC0100936,99.09
20230917,MUMBAI,MU0MUMB0JC1500015,98.91
20230917,MAHARASHTRA,MH0LTUR0JC0100596,98.07
20230917,MAHARASHTRA,MH0SHGN0JC0100614,98.5
20230917,MAHARASHTRA,MH0ICKJ0JC0100585,97.47
20230917,JHARKHAND,JH0BGMR0JC0100364,98.59
20230917,MAHARASHTRA,MH0BDVM0JC0100573,98.71
20230917,UTTAR PRADESH (EAST),UE0GZPR0JC0100932,98.46
20230917,WEST BENGAL,WB0SURI0JC0101072,98.73
20230917,BIHAR,BR0BGLP0JC0100199,97.88
20230917,RAJASTHAN,RJ0KSGR0JC0100747,98.95
20230917,RAJASTHAN,RJ0JPUR0JC0300719,98.59
20230917,UTTARAKHAND,UA0RDPR0JC0101028,98.57
20230917,UTTAR PRADESH (WEST),UW0AGRA0JC0200965,98.64
20230917,PUNJAB,PB0FZPR0JC0100687,98.76
20230917,GUJARAT,GJ0MHUV0JC0100266,98.81
20230917,UTTAR PRADESH (EAST),UE0KNPR0JC0200914,96.88
20230917,MAHARASHTRA,MH0STRA0JC0100613,97.76
20230917,UTTAR PRADESH (EAST),UE0ABDD0JC0100915,98.54
20230917,MUMBAI,MU0MUMB0JC1300013,98.96
20230917,PUNJAB,PB0MKSR0JC0100701,99.04
20230917,UTTAR PRADESH (WEST),UW0MZGR0JC0101003,98.63
20230917,JHARKHAND,JH0JMRL0JC0100366,98.46
20230917,JHARKHAND,JH0RMGR0JC0100372,98.31
20230917,UTTAR PRADESH (WEST),UW0DAPR0JC0100981,99.06
20230917,MUMBAI,MU0ULHS0JC3100031,98.43
20230917,MAHARASHTRA,MH0PRLI0JC0100607,96.84
20230917,PUNJAB,PB0KHNN0JC0100695,97.81
20230917,UTTAR PRADESH (EAST),UE0DORI0JC0100927,98.37
20230917,UTTAR PRADESH (WEST),UW0MRUT0JC0200966,98.42
20230917,MAHARASHTRA,MH0AKLJ0JC0100561,97.61
20230917,WEST BENGAL,WB0ALPD0JC0101029,99.06
20230917,GUJARAT,GJ0BRDL0JC0100247,98.25
20230917,BIHAR,BR0SPUL0JC0100205,98.78
20230917,WEST BENGAL,WB0BSRT0JC0101037,98.99
20230917,BIHAR,BR0KHGI0JC0100192,98.48
20230917,UTTAR PRADESH (EAST),UE0RBRL0JC0100953,98.66
20230917,UTTAR PRADESH (WEST),UW0KSGJ0JC0100992,98.94
20230917,BIHAR,BR0BHSR0JC0100201,98.75
20230917,PUNJAB,PB0FZPC0JC0100686,98.52
20230917,GUJARAT,GJ0KADI0JC0100264,98.69
20230917,UTTAR PRADESH (EAST),UE0SPUR0JC0100959,99.08
20230917,UTTAR PRADESH (EAST),UE0AZMG0JC0100917,98.59
20230917,UTTAR PRADESH (EAST),UE0RATH0JC0100954,98.53
20230917,MUMBAI,MU0MUMB0JC2000020,98.65
20230917,JHARKHAND,JH0DLGJ0JC0100360,98.82
20230917,PUNJAB,PB0LDHN0JC0100675,98.7
20230917,UTTAR PRADESH (WEST),UW0PLKH0JC0101007,98.29
20230917,UTTAR PRADESH (WEST),UW0PLBT0JC0101006,98.74
20230917,GUJARAT,GJ0JNGD0JC0100249,98.51
20230917,UTTAR PRADESH (WEST),UW0SRKT0JC0101013,99.19
20230917,HIMACHAL PRADESH,HP0MNDI0JC0100337,98.57
20230917,MAHARASHTRA,MH0CHKN0JC0100577,97.2
20230917,MADHYA PRADESH,MP0NGDA0JC0100521,98.33
20230917,MAHARASHTRA,MH0SRDI0JC0100615,98.53
20230917,MADHYA PRADESH,MP0CKKP0JC0100525,99.13
20230917,MADHYA PRADESH,MP0HRDA0JC0100510,98.35
20230917,MAHARASHTRA,MH0PUNE0JC0500546,97.44
20230917,GUJARAT,GJ0SURT0JC0100234,98.67
20230917,JAMMU,JK0KTHU0JC0100353,98.47
20230917,PUNJAB,PB0NNGL0JC0100704,98.4
20230917,WEST BENGAL,WB0AMBG0JC0101030,98.51
20230917,GUJARAT,GJ0DEEU0JC0100224,99.17
20230917,UTTAR PRADESH (EAST),UE0KNCH0JC0100941,99.04
20230917,MUMBAI,MU0MUMB0JC1000010,98.78
20230917,GUJARAT,GJ0BLMR0JC0100262,98.85
20230917,MADHYA PRADESH,MP0NMCH0JC0100523,98.9
20230917,GUJARAT,GJ0IDAR0JC0100254,98.91
20230917,PUNJAB,PB0SGRR0JC0100713,98.15
20230917,RAJASTHAN,RJ0BNSR0JC0100724,98.96
20230917,HARYANA,HR0KLKA0JC0100297,0
20230917,MADHYA PRADESH,MP0PNNA0JC0100524,99.23
20230917,GUJARAT,GJ0VLSD0JC0100289,98.22
20230917,MADHYA PRADESH,MP0BHPL0JC0300487,98.82
20230917,MUMBAI,MU0KLDM0JC2900029,98.52
20230917,JHARKHAND,JH0DGHR0JC0100359,98.53
20230917,WEST BENGAL,WB0KLNA0JC0101057,98.51
20230917,BIHAR,BR0PTNA0JC0100172,98.3
20230917,PUNJAB,PB0SFGB0JC0100714,98.26
20230917,MAHARASHTRA,MH0NGPR0JC0100552,98.18
20230917,MADHYA PRADESH,MP0SHOR0JC0100532,98.24
20230917,MUMBAI,MH0THNE0JC0100619,98.69
20230917,WEST BENGAL,WB0KNTI0JC0101059,98.83
20230917,RAJASTHAN,RJ0BLTR0JC0100723,98.58
20230917,KOLKATA,KO0KLKT0JC0100070,98.97
20230917,JHARKHAND,JH0SBGJ0JC0100370,98.15
20230917,UTTAR PRADESH (WEST),UW0MTHR0JC0100998,98.2
20230917,PUNJAB,PB0FZLK0JC0100685,98.55
20230917,MUMBAI,MU0MUMB0JC0500005,98.71
20230917,GUJARAT,GJ0VRVL0JC0100271,98.88
20230917,WEST BENGAL,WB0HLDI0JC0101052,98.69
20230917,UTTAR PRADESH (WEST),UW0ETAH0JC0100982,98.99
20230917,RAJASTHAN,RJ0PALI0JC0100755,98.68
20230917,PUNJAB,PB0BTND0JC0100680,98.35
20230917,GUJARAT,GJ0BHUJ0JC0100275,98.64
20230917,UTTAR PRADESH (WEST),UW0SHSN0JC0101010,99.1
20230917,MUMBAI,MU0MUMB0JC0300003,98.8
20230917,BIHAR,BR0BGSR0JC0100191,98.23
20230917,GUJARAT,GJ0ANND0JC0100281,98.4
20230917,WEST BENGAL,WB0ILMP0JC0101053,97.84
20230917,KASHMIR,JK0BRML0JC0100344,98.06
20230917,RAJASTHAN,RJ0BHLR0JC0100730,99.04
20230917,RAJASTHAN,RJ0CRGR0JC0100734,98.82
20230917,MADHYA PRADESH,MP0RTLM0JC0100527,98.89
20230917,RAJASTHAN,RJ0HMGR0JC0100741,98.89
20230917,UTTAR PRADESH (WEST),UW0BRLL0JC0100973,98.7
20230917,MAHARASHTRA,MH0OMBD0JC0100603,97.91
20230917,GUJARAT,GJ0MGRL0JC0100270,99.06
20230917,UTTAR PRADESH (WEST),UW0KIRN0JC0100991,97.75
20230917,BIHAR,BR0BUXR0JC0100197,97.27
20230917,MAHARASHTRA,MH0SGMR0JC0100611,97.79
20230917,WEST BENGAL,WB0DGPR0JC0101044,98.68
20230917,RAJASTHAN,RJ0KRUL0JC0100746,99.33
20230917,MAHARASHTRA,MH0NDBR0JC0100602,98.64
20230917,GUJARAT,GJ0DWRK0JC0100252,98.3
20230917,MADHYA PRADESH,MP0BNDD0JC0100497,98.65
20230917,MAHARASHTRA,MH0BHSL0JC0100575,97.4
20230917,MAHARASHTRA,MH0RNGR0JC0100610,99.04
20230917,MADHYA PRADESH,MP0MDSR0JC0100517,98.44
20230917,MAHARASHTRA,MH0AGBM0JC0200556,97.76
20230917,PUNJAB,PB0GBDG0JC0100689,98.18
20230917,BIHAR,BR0CHPR0JC0100184,97.94
20230917,UTTAR PRADESH (EAST),UE0ORAI0JC0100952,98.57
20230917,PUNJAB,PB0KPRL0JC0100694,97.76
20230917,UTTAR PRADESH (EAST),UE0SBDP0JC0100956,99.2
20230917,MADHYA PRADESH,MP0MCNT0JC0100518,97.1
20230917,MUMBAI,MU0NVMB0JC2300023,98.91
20230917,UTTAR PRADESH (EAST),UE0BLMP0JC0100920,98.92
20230917,MAHARASHTRA,MH0AMDG0JC0100560,98.25
20230917,PUNJAB,PB0ABHR0JC0100677,98.64
20230917,RAJASTHAN,RJ0JLWR0JC0100757,99.18
20230917,UTTAR PRADESH (EAST),UE0TLHR0JC0100961,99.24
20230917,PUNJAB,PB0PCKB0JC0300670,97.27
20230917,MUMBAI,MU0MUMB0JC0600006,98.26
20230917,KOLKATA,KO0KLKT0JC0800077,98.46
20230917,UTTAR PRADESH (WEST),UW0KHRJ0JC0100994,98.46
20230917,UTTAR PRADESH (EAST),UE0LCKN0JC0400912,98.79
20230917,MAHARASHTRA,MH0GNDY0JC0100582,99.03
20230917,MAHARASHTRA,MH0SPDE0JC0100616,98.5
20230917,MAHARASHTRA,MH0BNDR0JC0100574,98.52
20230917,UTTAR PRADESH (EAST),UE0UNNO0JC0100962,97.79
20230917,WEST BENGAL,WB0JGPR0JC0101055,98.32
20230917,GUJARAT,GJ0UPLT0JC0100285,97.68
20230917,HIMACHAL PRADESH,HP0DRMS0JC0100335,98.27
20230917,PUNJAB,PB0JLBA0JC0100693,98.12
20230917,GUJARAT,GJ0KLOL0JC0100245,98.34
20230917,BIHAR,BR0MDBN0JC0100196,98.58
20230917,UTTAR PRADESH (EAST),UE0MRGJ0JC0100947,98.81
20230917,UTTAR PRADESH (EAST),UE0GKPR0JC0100935,98.2
20230917,RAJASTHAN,RJ0BRPR0JC0100729,98.82
20230917,UTTAR PRADESH (EAST),UE0BRBK0JC0100922,98.66
20230917,WEST BENGAL,WB0KTWA0JC0101060,98.48
20230917,GUJARAT,GJ0NVSR0JC0100290,98.65
20230917,UTTAR PRADESH (WEST),UW0MRUT0JC0100967,97.51
20230917,BIHAR,BR0PTNA0JC0200173,98.37
20230917,UTTARAKHAND,UA0HRDR0JC0101022,98.44
20230917,WEST BENGAL,WB0DJLG0JC0101042,96.17
20230917,MAHARASHTRA,MH0KHPL0JC0100593,98.14
20230917,JHARKHAND,JH0BKLC0JC0100369,98.68
20230917,GUJARAT,GJ0DBHO0JC0100265,97.06
20230917,WEST BENGAL,WB0CKDA0JC0101041,98.84
20230917,MADHYA PRADESH,MP0BSOD0JC0100495,99.29
20230917,RAJASTHAN,RJ0NGUR0JC0100752,98.95
20230917,JHARKHAND,JH0JMDP0JC0200355,98.61
20230917,UTTAR PRADESH (WEST),UW0MNPR0JC0100997,98.8
20230917,MUMBAI,MU0BDLP0JC3600032,98.23
20230917,UTTAR PRADESH (EAST),UE0BHDH0JC0100925,97.7
20230917,UTTAR PRADESH (EAST),UE0GNGG0JC0100931,98.66
20230917,BIHAR,BR0RAJG0JC0100208,98.09
20230917,MAHARASHTRA,MH0PRBN0JC0100606,98.73
20230917,UTTAR PRADESH (EAST),UE0KNPR0JC0100913,98.9
20230917,UTTAR PRADESH (EAST),UE0MBKP0JC0100949,98.76
20230917,UTTAR PRADESH (WEST),UW0HSPR0JC0100988,99.13
20230917,KOLKATA,KO0KLKT0JC1100080,98.64
20230917,MADHYA PRADESH,MP0SRNI0JC0100530,99.19
20230917,MUMBAI,MU0VIRR0JC3500145,98.42
20230917,PUNJAB,PB0LDHN0JC0200676,97.67
20230917,MADHYA PRADESH,MP0CRPR0JC0100501,98.97
20230917,MUMBAI,MU0THNE0JC2600026,98.66
20230917,GUJARAT,GJ0BRCH0JC0100244,98.46
20230917,WEST BENGAL,WB0FRKK0JC0101046,98.15
20230917,GUJARAT,GJ0AMBD0JC0400231,98.25
20230917,PUNJAB,PB0SGML0JC0200669,97.85
20230917,MAHARASHTRA,MH0DHUL0JC0100581,98.94
20230917,GUJARAT,GJ0AMBD0JC0500232,98.58
20230917,GUJARAT,GJ0VDDR0JC0200239,98.48
20230917,RAJASTHAN,RJ0UDPR0JC0100766,98.71
20230917,UTTAR PRADESH (EAST),UE0MHOB0JC0100945,98.8
20230917,HIMACHAL PRADESH,HP0SDRN0JC0100341,98.57
20230917,UTTAR PRADESH (EAST),UE0SJPR0JC0100957,98.73
20230917,GUJARAT,GJ0UNJH0JC0100282,97.77
20230917,KOLKATA,KO0KLKT0JC1300082,98.94
20230917,MUMBAI,MU0MUMB0JC1900019,98.92
20230917,MAHARASHTRA,MH0AKOL0JC0100562,98.53
20230917,MAHARASHTRA,MH0KRNJ0JC0100591,98.66
20230917,MADHYA PRADESH,MP0JBLP0JC0100491,99.06
20230917,JHARKHAND,JH0GMLA0JC0200362,98.24
20230917,MAHARASHTRA,MH0PUNE0JC0400545,98.37
20230917,UTTAR PRADESH (EAST),UE0FKBG0JC0100929,98.99
20230917,PUNJAB,PB0TRRN0JC0100716,98.12
20230917,WEST BENGAL,WB0GAOK0JC0101048,97.05
20230917,GUJARAT,GJ0AMBD0JC0100228,98.36
20230917,MAHARASHTRA,MH0SNGL0JC0100612,98.45
20230917,WEST BENGAL,WB0RMPT0JC0101068,98.36
20230917,UTTAR PRADESH (WEST),UW0KHTL0JC0100993,98.68
20230917,PUNJAB,PB0BTLA0JC0100679,98.18
20230917,GUJARAT,GJ0RJLA0JC0100268,98.45
20230917,BIHAR,BR0SAUR0JC0100181,98.34
20230917,MADHYA PRADESH,MP0CNDR0JC0100502,98.69
20230917,PUNJAB,PB0MOGA0JC0100700,98.36
20230917,MUMBAI,MU0THNE0JC2700027,98.71
20230917,UTTAR PRADESH (WEST),UW0AURY0JC0100970,98.24
20230917,MAHARASHTRA,MH0CWAD0JC0100542,98.05
20230917,BIHAR,BR0JMUI0JC0100207,97.73
20230917,BIHAR,BR0GPGJ0JC0100210,98.68
20230917,MUMBAI,MH0PLGR0JC0100604,98.3
20230917,UTTAR PRADESH (EAST),UE0GOND0JC0100934,98.89
20230917,UTTAR PRADESH (WEST),UW0ETWH0JC0100983,98.58
20230917,WEST BENGAL,WB0SLGR0JC0101071,97.87
20230917,PUNJAB,PB0HRPR0JC0100691,98.41
20230917,UTTAR PRADESH (EAST),UE0MZPV0JC0100948,98.08
20230917,MAHARASHTRA,MH0HNGL0JC0100584,97.57
20230917,UTTAR PRADESH (WEST),UW0AMRH0JC0100969,98.7
20230917,UTTAR PRADESH (WEST),UW0NJBB0JC0101005,98.92
20230917,MUMBAI,MU0MUMB0JC2200022,98.79
20230917,UTTAR PRADESH (WEST),UW0SBAD0JC0101015,97.21
20230917,WEST BENGAL,WB0EGBZ0JC0101045,97.58
20230917,GOA,GO0MRMG0JC0100225,97.24
20230917,MUMBAI,MU0MUMB0JC1700017,98.8
20230917,UTTARAKHAND,UA0HKGM0JC0101021,98.47
20230917,PUNJAB,PB0NKDR0JC0100703,98.48
20230917,RAJASTHAN,RJ0SIKR0JC0100762,99.04
20230917,MADHYA PRADESH,MP0MORN0JC0100519,98.83
20230917,MADHYA PRADESH,MP0SVPR0JC0100537,99.23
20230917,RAJASTHAN,RJ0BUND0JC0100732,98.93
20230917,GUJARAT,GJ0JMGR0JC0100259,97.91
20230917,MAHARASHTRA,MH0KLPR0JC0100594,97.56
20230917,PUNJAB,PB0MLKL0JC0100697,97.99
20230917,RAJASTHAN,RJ0MKRN0JC0100751,99.07
20230917,MAHARASHTRA,MH0NGPR0JC0200553,98.43
20230917,PUNJAB,PB0GDBH0JC0100688,98.75
20230917,UTTAR PRADESH (WEST),UW0DBND0JC0100980,99.01
20230917,MADHYA PRADESH,MP0BHPL0JC0200486,97.76
20230917,UTTAR PRADESH (WEST),UW0KSKN0JC0100996,98.41
20230917,MADHYA PRADESH,MP0JORA0JC0100513,99.05
20230917,UTTAR PRADESH (WEST),UW0SMLI0JC0101012,98.69
20230917,BIHAR,BR0PURN0JC0100176,98.74
20230917,UTTAR PRADESH (EAST),UE0KNNJ0JC0100940,98.81
20230917,UTTAR PRADESH (EAST),UE0BCCH0JC0100918,99.01
20230917,UTTAR PRADESH (EAST),UE0LCKN0JC0300911,98.57
20230917,JHARKHAND,JH0PHSR0JC0100368,98.66
20230917,PUNJAB,PB0DRBS0JC0100682,97.26
20230917,MADHYA PRADESH,MP0MNDL0JC0100516,99.17
20230917,MAHARASHTRA,MH0NDDG0JC0100601,98.18
20230917,MAHARASHTRA,MH0SLPR0JC0100618,98.77
20230917,GUJARAT,GJ0SURT0JC0300236,98.52
20230917,KOLKATA,KO0KLKT0JC1200081,98.83
20230917,MAHARASHTRA,MH0AJGN0JC0100567,98.8
20230917,BIHAR,BR0JNBD0JC0100202,98.82
20230917,BIHAR,BR0BRAU0JC0100188,98.36
20230917,MAHARASHTRA,MH0PUNE0JC0600547,98.06
20230917,UTTAR PRADESH (WEST),UW0HPUR0JC0100987,98.05
20230917,JAMMU,JK0JMMU0JC0100349,97.95
20230917,MAHARASHTRA,MH0CWAD0JC0200543,98.04
20230917,MUMBAI,MU0MUMB0JC0100001,98.2
20230917,UTTAR PRADESH (WEST),UW0BDUN0JC0100976,98.58
20230917,UTTAR PRADESH (WEST),UW0FDPR0JC0100984,98.79
20230917,PUNJAB,PB0JLDR0JC0200674,98.55
20230917,MAHARASHTRA,MH0CHPD0JC0100580,98.77
20230917,GUJARAT,GJ0UNAA0JC0100277,98.52
20230917,BIHAR,BR0DRBG0JC0100203,98.23
20230917,GUJARAT,GJ0KSHD0JC0100246,98.56
20230917,MAHARASHTRA,MH0AKOT0JC0100563,99.02
20230917,BIHAR,BR0NWDA0JC0100193,98.27
20230917,MAHARASHTRA,MH0KMGN0JC0100592,98.98
20230917,UTTAR PRADESH (WEST),UW0RMPR0JC0101008,98.97
20230917,UTTAR PRADESH (WEST),UW0FZBD0JC0100985,95.25
20230917,MUMBAI,MU0MUMB0JC0400004,98.96
20230917,UTTAR PRADESH (WEST),UW0BJNR0JC0100974,99
20230917,RAJASTHAN,RJ0HNDN0JC0100742,98.77
20230917,WEST BENGAL,WB0KRGR0JC0101063,99.06
20230917,PUNJAB,PB0NBHA0JC0100702,98.91
20230917,KASHMIR,JK0ANNG0JC0100347,98.06
20230917,MAHARASHTRA,MH0PUNE0JC1000551,98.38
20230917,BIHAR,BR0MNGR0JC0100209,98.49
20230917,UTTARAKHAND,UA0RSKS0JC0101026,98.47
20230917,UTTARAKHAND,UA0DRDN0JC0201020,97.92
20230917,WEST BENGAL,WB0PRLY0JC0101066,98.72
20230917,GUJARAT,GJ0BRSD0JC0100283,98.84
20230917,MAHARASHTRA,MH0CDPR0JC0100579,98.1
20230917,MADHYA PRADESH,MP0KHND0JC0100514,98.93
20230917,BIHAR,BR0KGJJ0JC0100204,98.64
20230917,GUJARAT,GJ0SURT0JC0200235,98.12
20230917,UTTAR PRADESH (WEST),UW0MGAR0JC0101002,97.93
20230917,WEST BENGAL,WB0JGMM0JC0101056,99.26
20230917,GUJARAT,GJ0AMBD0JC0200229,98.16
20230917,UTTAR PRADESH (EAST),UE0BLLI0JC0100919,98.75
20230917,GOA,GO0MRGO0JC0100226,98.06
20230917,RAJASTHAN,RJ0RJND0JC0100758,98.71
20230917,WEST BENGAL,WB0DHRB0JC0101034,98.89
20230917,HIMACHAL PRADESH,HP0KLLU0JC0100339,98.76
20230917,MAHARASHTRA,MH0AGBM0JC0100555,98.12
20230917,UTTAR PRADESH (EAST),UE0JLUN0JC0100937,98.62
20230917,MAHARASHTRA,MH0SMPR0JC0100617,98.32
20230917,WEST BENGAL,WB0BSPR0JC0101039,98.89
20230917,MAHARASHTRA,MH0ACLP0JC0100559,99.07
20230917,GOA,GO0PNJI0JC0100227,98.52
20230917,RAJASTHAN,RJ0BRMR0JC0100727,98.61
20230917,MADHYA PRADESH,MP0BTUL0JC0100496,98.96
20230917,UTTAR PRADESH (WEST),UW0UJHN0JC0101017,99.2
20230917,JHARKHAND,JH0CHBS0JC0100371,98.83
20230917,UTTAR PRADESH (EAST),UE0APRA0JC0100916,99.16
20230917,MADHYA PRADESH,MP0STNA0JC0100531,98.64
20230917,KASHMIR,JK0SPRE0JC0100345,97.34
20230917,MADHYA PRADESH,MP0BLGT0JC0100494,99.06
20230917,JHARKHAND,JH0HZBG0JC0100358,98.22
20230917,UTTAR PRADESH (EAST),UE0BPPG0JC0100924,99.05
20230917,MUMBAI,MU0MUMB0JC1400014,98.76
20230917,UTTAR PRADESH (WEST),UW0CPUR0JC0100979,99.03
20230917,WEST BENGAL,WB0KCBR0JC0101062,98.94
20230917,JHARKHAND,JH0RNCH0JC0200357,98.05
20230917,PUNJAB,PB0JGRN0JC0100692,98.33
20230917,UTTAR PRADESH (WEST),UW0NGIN0JC0101004,98.98
20230917,PUNJAB,PB0MNSA0JC0100699,98.76
20230917,MAHARASHTRA,MH0ULMP0JC0100586,97.1
20230917,UTTARAKHAND,UA0DRDN0JC0101019,97.76
20230917,MADHYA PRADESH,MP0SJUR0JC0100535,99
20230917,PUNJAB,PB0DSUA0JC0100681,98.4
20230917,MUMBAI,MU0MUMB0JC0700007,98.63
20230917,MADHYA PRADESH,MP0NMPR0JC0100522,98.98
20230917,RAJASTHAN,RJ0JJUN0JC0100744,99.08
20230917,GUJARAT,GJ0GDGR0JC0100269,97.97
20230917,WEST BENGAL,WB0HCDP0JC0101038,98.77
20230917,WEST BENGAL,WB0MDPR0JC0101064,98.79
20230917,WEST BENGAL,WB0ASSL0JC0101031,98.52
20230917,MAHARASHTRA,MH0ABJG0JC0100565,98.02
20230917,UTTAR PRADESH (EAST),UE0LKMP0JC0100943,98.68
20230917,HIMACHAL PRADESH,HP0PNTA0JC0100334,98.37
20230917,MAHARASHTRA,MH0NSHK0JC0100557,98.69
20230917,MADHYA PRADESH,MP0PMPR0JC0100526,97.5
